image_path,true_label,gradcam_pred_class,gradcam_confidence,gradcam_correct,gradcam_insertion,gradcam_deletion,gradcam_sparsity,gradcam_conf_drop,gradcam_drop_pct,gradcam_stability_mean,gradcam_stability_std,shap_pred_class,shap_confidence,shap_correct,shap_insertion,shap_deletion,shap_sparsity,shap_conf_drop,shap_drop_pct,lime_pred_class,lime_confidence,lime_correct,lime_insertion,lime_deletion,lime_sparsity,lime_conf_drop,lime_drop_pct
c:/DriverSafety/Data_Split/test\closed\_239.jpg,closed,closed,0.993924081325531,1,0.3522098943738654,0.9285127555969919,0.0,0.971576239913702,97.75155447689961,0.9997026324272156,6.254807522054762e-05,closed,0.993924081325531,1,0.32132422717491,0.980837364007931,0.9987045599489796,0.002707183361053467,0.2723732538174044,closed,0.993924081325531,1,0.34500438948669054,0.9783871061731093,0.5867745535714286,0.8637327253818512,86.90127762505226
c:/DriverSafety/Data_Split/test\no_yawn\1130.jpg,no_yawn,no_yawn,0.9634976983070374,1,0.3173972740031705,0.9107606340162825,0.0,0.9129728525876999,94.7560775890835,0.9996381998062134,0.00020261331519577652,no_yawn,0.9634979367256165,1,0.32468083176282375,0.9145254551774205,0.9989038584183674,0.0216982364654541,2.252027288915852,no_yawn,0.9634979367256165,1,0.32375105153215994,0.9132007212922124,0.638054049744898,0.841374360024929,87.32497786107967
c:/DriverSafety/Data_Split/test\open\_337.jpg,open,open,0.9893801212310791,1,0.3273987911715366,0.9472733435064259,0.0,0.9672742411494255,97.76566025569518,0.9996967315673828,0.0001988815638469532,open,0.9893803596496582,1,0.3242068411690174,0.9682934408140654,0.9993423150510204,0.7563209980726242,76.4439065946281,open,0.9893803596496582,1,0.342734696251331,0.859282112947785,0.6640027104591837,0.9606544487178326,97.0965755739184
c:/DriverSafety/Data_Split/test\other_activities\img_15587.jpg,other_activities,other_activities,0.9656252861022949,1,0.3331795806931977,0.944295858982766,0.0,0.6459483504295349,66.89430772572076,0.9998226165771484,7.207454473245889e-05,other_activities,0.9656252861022949,1,0.32485092600973525,0.9324309424598618,0.9996213329081632,-0.0003312230110168457,-0.03430140197752192,other_activities,0.9656252861022949,1,0.3491896393865642,0.9385686611184979,0.7307676977040817,0.606094479560852,62.76704724091883
c:/DriverSafety/Data_Split/test\safe_driving\img_33193.jpg,safe_driving,safe_driving,0.9899501800537109,1,0.33178314124003494,0.9719853058899983,0.12139269770408163,0.8723550289869308,88.12111473125182,0.9999502301216125,1.1903690392500721e-05,safe_driving,0.9899500608444214,1,0.3140743602030348,0.9700926996693753,0.9999003507653061,-6.693601608276367e-05,-0.006761554822160029,safe_driving,0.9899500608444214,1,0.3475488595443197,0.9645058518589134,0.6591198979591837,0.8594982028007507,86.8223799067987
c:/DriverSafety/Data_Split/test\talking_phone\img_17250.jpg,talking_phone,talking_phone,0.9825884103775024,1,0.3370117409394519,0.9383284709241131,0.0,0.8326408863067627,84.7395489755007,0.9984670877456665,0.0005313300061970949,talking_phone,0.9825882911682129,1,0.32181979730577753,0.9403709226315564,0.9989636479591837,-0.00030940771102905273,-0.03148904925680567,talking_phone,0.9825882911682129,1,0.3455093874789701,0.8673308420889448,0.6823182397959183,0.9605349618941545,97.75558801483433
c:/DriverSafety/Data_Split/test\texting_phone\img_6814.jpg,texting_phone,texting_phone,0.9897719025611877,1,0.35187242025195964,0.9075416751427225,0.0,0.8747111931443214,88.37501705607791,0.9997779726982117,8.560983405914158e-05,texting_phone,0.9897720217704773,1,0.3200640383333263,0.9235211899965117,0.9995216836734694,0.0011452436447143555,0.11570782153955686,texting_phone,0.9897720217704773,1,0.3524172621788365,0.8948818834701388,0.7375239158163265,0.9192671626806259,92.87665668134255
c:/DriverSafety/Data_Split/test\turning\img_13668.jpg,turning,turning,0.9856610298156738,1,0.3576094384240632,0.9777280853526427,0.18564652423469388,0.8335669189691544,84.56932897514153,0.9997915029525757,0.0001010858832160011,turning,0.9856610298156738,1,0.3342943312508045,0.9769406920612449,0.9990433673469388,-0.00024127960205078125,-0.02447896332793267,turning,0.9856610298156738,1,0.3500476075281011,0.9648815753436325,0.6837531887755102,0.7348559498786926,74.554631620321
c:/DriverSafety/Data_Split/test\yawn\623.jpg,yawn,yawn,0.9898666143417358,1,0.31724720367110604,0.7857126918169531,0.0,0.957645308226347,96.74488403333402,0.9997451901435852,4.9764246796257794e-05,yawn,0.9898666143417358,1,0.33540705967657636,0.8772309212991507,0.9998007015306123,-0.00047528743743896484,-0.04801530130471337,yawn,0.9898666143417358,1,0.3335473679079868,0.8863677246735828,0.5425502232142857,0.949460681527853,95.9180426610639
